{"cameraMode":{"drawMode":0,"name":"Shaded","section":"Shading Mode"},"sceneLighting":false,"audioPlay":false,"sceneViewState":{"m_AlwaysRefresh":false,"showFog":true,"showSkybox":true,"showFlares":true,"showImageEffects":true,"showParticleSystems":true,"showVisualEffectGraphs":true,"m_FxEnabled":true},"in2DMode":false,"pivot":{"x":-1.7461315393447877,"y":0.6313906908035278,"z":7.087899208068848},"rotation":{"x":-0.009309030137956143,"y":-0.008401421830058098,"z":0.00007755956903565675,"w":-0.9999242424964905},"size":248.2781982421875,"orthographic":false}